,tamanho,ano,garagem,predicted
0,159.0,2003,2,186637.12
1,117.0,1976,2,154508.84
2,166.0,2001,2,225242.22
3,160.0,1915,3,139103.0
4,204.0,2000,3,260561.92
5,127.0,1993,2,169203.95
6,157.0,2004,2,199552.53
7,194.0,1973,2,208282.45
8,165.0,1931,2,170155.89
9,100.0,1939,1,111967.414
10,97.0,1965,1,131581.55
11,216.0,2005,3,338451.8
12,85.0,1962,1,124579.84
13,139.0,2006,3,260804.95
14,116.0,1960,1,155623.58
15,79.0,1929,2,103841.09
16,93.0,1970,2,148797.69
17,120.0,1967,2,154508.84
18,103.0,2004,2,151418.73
19,124.0,1958,1,133980.03
20,221.0,2005,3,324567.6
21,103.0,1930,1,117044.02
22,167.0,2002,2,219459.83
23,98.0,1976,2,148797.69
24,98.0,1968,1,131581.55
25,149.0,2007,3,242649.3
26,84.0,1951,2,121001.305
27,158.0,2007,3,313445.0
28,149.0,1957,1,157950.67
29,48.0,1927,1,74819.01
30,122.0,1920,1,103779.28
31,114.0,1966,1,145536.94
32,115.0,2007,2,176113.47
33,158.0,1959,2,167270.83
34,145.0,2005,2,258033.47
35,228.0,2004,3,332460.2
36,102.0,1994,2,152133.73
37,120.0,1954,2,148335.28
38,98.0,1953,1,122662.18
39,107.0,1955,0,93518.58
40,123.0,1965,2,154508.84
41,123.0,1959,1,147267.69
42,82.0,1983,2,132029.69
43,87.0,1975,1,103746.47
44,107.0,1959,1,133312.3
45,163.0,2005,2,262199.12
46,200.0,2003,2,271247.9
47,154.0,2006,3,273137.66
48,135.0,1920,0,121402.664
49,89.0,1966,1,118942.31
50,137.0,1997,2,187968.16
51,109.0,1934,2,127785.85
52,76.0,1963,2,125585.414
53,171.0,1981,3,335437.72
54,126.0,1955,2,152438.77
55,132.0,1964,2,168077.23
56,162.0,1999,2,221134.02
57,160.0,2004,2,186637.12
58,274.0,2006,3,436593.28
59,72.0,1972,1,103746.47
60,108.0,2004,2,170777.94
61,103.0,1920,1,103779.28
62,127.0,2006,2,202308.52
63,159.0,1921,2,169886.75
64,189.0,1997,2,229413.88
65,230.0,2004,3,340771.97
66,205.0,1970,2,216437.28
67,137.0,2003,2,192992.16
68,69.0,1945,1,86744.79
69,212.0,1953,2,229523.02
70,207.0,1973,2,218497.36
71,79.0,1982,2,132029.69
72,160.0,1998,2,199847.94
73,101.0,1954,2,142624.12
74,149.0,1915,1,119438.99
75,92.0,1973,1,103746.47
76,88.0,1956,1,119042.93
77,119.0,1948,1,116727.81
78,164.0,1968,0,125455.695
79,114.0,1910,2,116947.48
80,199.0,1968,1,218335.06
81,124.0,1998,2,179635.02
82,145.0,2007,3,224572.56
83,99.0,1960,2,158884.33
84,137.0,1995,2,178745.3
85,225.0,1991,2,273701.72
86,145.0,2005,2,258033.47
87,114.0,2009,2,176973.89
88,142.0,1915,0,94740.72
89,92.0,1994,0,126425.766
90,97.0,1950,2,114098.45
91,115.0,1961,2,144354.84
92,90.0,1921,2,151930.66
93,213.0,1910,2,145751.1
94,166.0,1997,2,210319.47
95,137.0,1993,2,174574.55
96,148.0,1999,2,215309.28
97,89.0,1965,1,118942.31
98,78.0,1920,1,81469.01
99,114.0,1959,0,91712.96
100,150.0,1977,2,182353.19
101,161.0,1985,2,196031.1
102,143.0,1979,2,182353.19
103,114.0,2009,3,196283.12
104,169.0,1931,1,152217.98
105,185.0,2003,2,257637.52
106,97.0,1885,1,96686.07
107,73.0,1948,1,101839.83
108,141.0,1919,0,117590.59
109,171.0,1977,2,209791.34
110,172.0,1954,1,162991.42
111,133.0,2000,2,183552.16
112,250.0,2007,3,387362.38
113,210.0,1953,2,250824.47
114,216.0,1945,1,246809.72
115,135.0,1999,2,183552.16
116,101.0,1962,1,127138.71
117,105.0,2006,2,160565.6
118,299.0,1990,3,354301.06
119,135.0,2005,2,196179.25
120,92.0,1969,2,127347.55
121,104.0,1939,1,124519.945
122,100.0,1958,1,129876.555
123,111.0,1993,2,157792.97
124,147.0,1979,2,182353.19
125,70.0,1935,0,83773.336
126,89.0,1976,2,140756.66
127,78.0,1930,0,84713.4
128,125.0,1966,2,160813.73
129,98.0,1958,2,150528.44
130,200.0,1966,2,234720.23
131,191.0,2000,2,227697.38
132,123.0,1959,2,156239.6
133,120.0,2001,2,204425.47
134,160.0,1968,2,187043.16
135,156.0,1970,2,168186.25
136,113.0,1967,1,145536.94
137,182.0,1988,3,163721.33
138,172.0,1999,3,238779.36
139,164.0,1997,2,210319.47
140,80.0,1971,0,98957.45
141,161.0,2005,2,250003.31
142,129.0,1952,2,148201.84
143,139.0,1999,2,192971.39
144,161.0,1963,2,144787.58
145,159.0,2004,2,186637.12
146,81.0,1931,1,102788.53
147,189.0,2001,2,246800.97
148,100.0,2004,0,129547.25
149,125.0,1936,1,121538.21
150,90.0,1975,2,127347.55
151,159.0,2007,3,300529.6
152,185.0,1971,2,193536.17
153,116.0,1960,2,164595.48
154,111.0,1923,1,125524.375
155,102.0,1924,0,108173.31
156,97.0,1950,2,114098.45
157,183.0,2009,3,284046.84
158,181.0,2004,2,218253.73
159,229.0,2005,2,306812.56
160,114.0,1984,2,156181.17
161,248.0,2003,3,431239.1
162,143.0,2005,2,215059.27
163,82.0,1956,0,102493.82
164,150.0,1926,1,153472.8
165,126.0,1940,0,117839.25
166,173.0,1955,1,162991.42
167,201.0,2007,3,346680.44
168,160.0,2004,2,186637.12
169,159.0,1981,2,210178.02
170,128.0,1941,2,130013.58
171,154.0,1960,2,187242.67
172,164.0,1987,2,212270.17
173,127.0,1961,2,156370.89
174,153.0,1986,2,213768.12
175,200.0,1950,2,198876.5
176,191.0,1988,2,222008.12
177,178.0,1958,2,192012.38
178,208.0,2008,3,498132.78
179,90.0,1923,2,151930.66
180,142.0,2000,2,208997.89
181,167.0,1920,1,183326.17
182,124.0,1957,1,133980.03
183,193.0,2003,2,217474.97
184,116.0,1908,2,116947.48
185,335.0,1892,3,474102.84
186,113.0,1990,2,175012.25
187,154.0,1916,1,141305.42
188,114.0,1979,2,148797.69
189,148.0,2001,2,253969.33
190,253.0,1932,2,316436.7
191,137.0,1972,2,169296.03
192,133.0,1999,2,183552.16
193,159.0,2004,2,186637.12
194,80.0,1972,1,103746.47
195,135.0,1976,2,169296.03
196,160.0,2007,3,300529.6
197,289.0,1918,2,234471.67
198,207.0,1912,0,137176.06
199,159.0,2004,3,277338.97
200,104.0,2003,2,151418.73
201,119.0,1977,2,154508.84
202,122.0,1924,1,104477.086
203,79.0,2004,2,140182.61
204,119.0,1947,1,116727.81
205,134.0,1990,2,186687.73
206,158.0,1962,1,136488.48
207,102.0,1960,1,141668.19
208,192.0,1988,2,222008.12
209,101.0,1964,2,148797.69
210,80.0,1925,0,70917.45
211,113.0,2009,2,197720.47
212,172.0,2009,2,254973.64
213,92.0,1995,2,152468.02
214,129.0,1977,1,135804.19
215,115.0,1957,1,129876.555
216,133.0,2004,2,192992.16
217,123.0,1925,1,108190.83
218,182.0,1939,2,170927.14
219,116.0,2005,2,176028.8
220,139.0,2006,2,196349.47
221,211.0,2002,2,271181.12
222,144.0,1975,2,168186.25
223,80.0,1971,2,119947.88
224,222.0,2003,3,364329.66
225,121.0,1971,1,116385.7
226,234.0,1995,3,290603.97
227,92.0,1970,1,103746.47
228,85.0,1967,1,118942.31
229,144.0,2005,2,201069.27
230,111.0,1959,1,147267.69
231,260.0,1995,3,416961.44
232,92.0,1972,1,103746.47
233,83.0,1976,1,137706.64
234,182.0,2002,2,209812.9
235,92.0,1971,1,103746.47
236,131.0,2004,2,177958.72
237,162.0,1993,2,228695.39
238,157.0,2007,3,305179.56
239,138.0,1945,1,132525.14
240,145.0,2008,2,313548.25
241,80.0,1945,0,77278.76
242,134.0,1900,1,95059.65
243,113.0,1980,1,124193.22
244,196.0,1994,2,278962.06
245,174.0,1988,2,221503.47
246,179.0,1910,1,138098.48
247,128.0,1954,2,152438.77
248,155.0,2003,2,199552.53
249,199.0,1958,2,254857.12
250,121.0,1940,0,98864.305
251,151.0,2006,2,230163.89
252,152.0,2004,2,180912.58
253,121.0,1964,1,145536.94
254,122.0,1957,1,129876.555
255,213.0,1999,2,246850.45
256,161.0,2003,2,209904.38
257,149.0,2006,2,241640.69
258,166.0,2001,2,225242.22
259,82.0,1956,1,119042.93
260,128.0,1962,2,156370.89
261,239.0,2007,3,382484.44
262,113.0,1977,2,148797.69
263,122.0,1929,2,119993.72
264,71.0,1925,2,76609.35
265,132.0,1981,2,186687.73
266,140.0,1997,2,197387.39
267,204.0,1939,1,192359.14
268,72.0,1940,1,101839.83
269,103.0,1976,1,136936.77
270,180.0,2006,3,315158.78
271,127.0,1954,2,152438.77
272,211.0,1999,3,288848.28
273,152.0,1958,1,157950.67
274,76.0,1982,1,123635.78
275,144.0,1925,2,174408.92
276,145.0,2003,2,217033.69
277,80.0,1951,2,113436.89
278,197.0,2006,3,368120.66
279,188.0,1977,2,183078.9
280,184.0,1989,2,226028.53
281,117.0,2006,2,183544.44
282,122.0,2007,2,208032.5
283,136.0,2008,3,242427.89
284,146.0,1992,2,200020.28
285,116.0,2006,2,183544.44
286,161.0,1962,2,144787.58
287,80.0,1971,0,98957.45
288,84.0,1967,1,118942.31
289,130.0,1915,1,124005.47
290,178.0,2006,2,244176.36
291,159.0,1912,0,108427.69
292,159.0,1949,1,130246.09
293,210.0,1977,2,215243.36
294,153.0,1953,2,173961.2
295,93.0,1984,2,147470.38
296,145.0,1950,1,140496.33
297,181.0,1997,2,230083.64
298,162.0,1968,2,198852.25
299,107.0,1950,1,124519.945
300,124.0,1953,1,135785.66
301,228.0,1998,2,266248.53
302,143.0,2001,3,193807.23
303,83.0,1972,2,119947.88
304,325.0,1880,3,294226.78
305,186.0,2004,3,306373.66
306,208.0,1990,3,230414.12
307,131.0,1920,0,92720.76
308,80.0,1940,2,96406.45
309,181.0,2003,3,267673.72
310,139.0,1993,2,183993.78
311,90.0,1948,1,118628.56
312,104.0,1939,2,132995.31
313,189.0,1965,2,315451.6
314,152.0,1925,2,174408.92
315,133.0,2004,2,192992.16
316,219.0,1980,2,269163.72
317,182.0,2006,3,259911.34
318,246.0,1993,3,277059.3
319,137.0,1980,2,169296.03
320,241.0,2006,3,344568.78
321,229.0,2004,3,340771.97
322,254.0,1986,2,285224.9
323,108.0,1955,1,131682.17
324,277.0,1967,2,300875.4
325,75.0,1941,2,96406.45
326,160.0,1993,2,232625.03
327,128.0,1960,1,159727.06
328,198.0,1916,2,179459.89
329,111.0,1920,1,103779.28
330,161.0,1964,1,128294.32
331,98.0,1958,1,129876.555
332,151.0,2003,3,263056.12
333,126.0,2004,2,199320.48
334,152.0,1998,2,195043.84
335,166.0,1965,2,182427.03
336,179.0,2005,3,341313.5
337,143.0,2002,2,213581.56
338,151.0,1984,2,208206.45
339,113.0,1958,1,129876.555
340,177.0,2002,2,207577.89
341,78.0,1950,1,101839.83
342,97.0,1949,2,120442.78
343,156.0,2005,2,249665.1
344,103.0,1976,1,136936.77
345,147.0,1939,1,141569.23
346,89.0,1960,1,129028.945
347,137.0,1960,2,175962.47
348,151.0,2003,2,175757.33
349,253.0,2005,3,436962.6
350,174.0,2007,2,254219.7
351,135.0,1986,2,186687.73
352,103.0,1941,1,111967.414
353,67.0,1928,2,75310.26
354,148.0,1940,1,141569.23
355,111.0,1995,2,161963.72
356,108.0,1992,2,172426.28
357,106.0,1976,2,148797.69
358,126.0,1958,1,133980.03
359,179.0,1998,2,250540.94
360,85.0,1978,2,140756.66
361,140.0,1940,1,141569.23
362,179.0,2003,2,216777.03
363,92.0,1972,1,103746.47
364,146.0,1976,2,168186.25
365,125.0,1920,1,105723.29
366,130.0,1963,2,152133.97
367,133.0,1962,1,150442.28
368,118.0,1954,1,131682.17
369,120.0,1959,2,156239.6
370,155.0,2000,2,200683.28
371,148.0,1959,2,178886.78
372,70.0,1984,1,123635.78
373,123.0,1953,1,122662.18
374,179.0,2003,2,216777.03
375,84.0,1922,0,73294.21
376,85.0,1996,2,155627.08
377,229.0,2004,2,306812.56
378,172.0,2010,3,398335.6
379,167.0,2000,2,197667.34
380,157.0,1924,1,153599.94
381,121.0,2006,2,183544.44
382,167.0,2006,2,229730.47
383,73.0,1928,2,90405.3
384,181.0,1992,2,225967.95
385,118.0,2004,2,179918.33
386,110.0,1910,0,87866.914
387,105.0,1976,1,136936.77
388,137.0,1999,2,183552.16
389,217.0,2007,3,406596.94
390,127.0,1900,1,115720.19
391,182.0,2001,2,223961.81
392,82.0,1959,1,120673.06
393,73.0,1941,0,92588.77
394,96.0,1940,1,111967.414
395,106.0,1956,1,131682.17
396,83.0,1972,2,119947.88
397,168.0,1962,1,170833.75
398,100.0,1920,1,103779.28
399,144.0,2006,2,218467.38
400,120.0,1996,2,208635.61
401,122.0,2005,2,176028.8
402,62.0,1940,1,100304.67
403,210.0,1998,2,257243.7
404,146.0,1995,2,204191.03
405,151.0,1976,2,168186.25
406,152.0,1936,1,141569.23
407,156.0,1915,1,153387.14
408,202.0,2006,3,311502.16
409,193.0,2007,3,358222.16
410,119.0,1958,1,129876.555
411,98.0,1955,2,142624.12
412,137.0,2009,2,215956.19
413,96.0,1927,2,108820.06
414,195.0,1993,3,220831.7
415,124.0,2007,2,234139.64
416,130.0,1978,2,156576.81
417,244.0,1918,3,230216.64
418,105.0,1940,1,124519.945
419,98.0,1968,1,131581.55
420,125.0,1997,4,225873.8
421,149.0,1977,2,182353.19
422,92.0,1954,2,121173.97
423,244.0,1998,3,342823.3
424,111.0,1956,1,131682.17
425,129.0,1946,1,114100.75
426,153.0,1989,2,213768.12
427,84.0,1957,1,117237.31
428,112.0,2007,2,194846.11
429,131.0,1988,2,177080.22
430,92.0,1971,1,103746.47
431,111.0,1920,0,78463.18
432,127.0,1971,2,160813.73
433,149.0,1997,2,219725.28
434,59.0,1972,0,82721.266
435,154.0,1996,2,221097.94
436,104.0,1920,2,117042.14
437,84.0,1926,1,109274.47
438,64.0,1913,1,90366.445
439,111.0,1920,2,125747.55
440,223.0,2008,3,548857.7
441,134.0,1955,0,125466.195
442,146.0,1930,2,159910.77
443,117.0,2006,3,178321.1
444,177.0,1994,2,212511.47
445,157.0,1956,2,155456.31
446,175.0,1966,2,187701.53
447,175.0,1998,2,208953.28
448,128.0,1937,1,121538.21
449,110.0,1948,1,124519.945
450,76.0,1930,1,109274.47
451,142.0,1975,2,168186.25
452,163.0,1996,2,219915.11
453,148.0,2008,2,317445.62
454,161.0,1976,2,150449.22
455,115.0,1973,2,148797.69
456,125.0,1916,3,99801.37
457,154.0,1954,2,206892.7
458,155.0,1925,1,165215.89
459,112.0,1950,1,116727.81
460,180.0,2009,2,263182.75
461,105.0,1936,2,132995.31
462,80.0,1965,1,118942.31
463,154.0,1934,1,172941.44
464,97.0,1978,0,108456.62
465,131.0,2004,2,177958.72
466,119.0,1970,2,154508.84
467,153.0,1942,1,141569.23
468,152.0,2006,3,254432.73
469,159.0,1993,2,208668.11
470,140.0,1985,2,196106.97
471,183.0,1977,2,180683.52
472,100.0,2005,2,147529.2
473,184.0,2006,3,397988.62
474,153.0,2000,2,211572.17
475,90.0,1963,2,132985.08
476,139.0,1997,2,197387.39
477,246.0,2006,3,335839.5
478,160.0,2007,3,300529.6
479,105.0,1937,2,132995.31
480,172.0,2004,3,307235.16
481,166.0,2003,3,295257.84
482,170.0,1915,1,160032.98
483,113.0,1998,2,166249.17
484,93.0,1962,1,137219.1
485,103.0,1950,1,111967.414
486,100.0,1965,2,148797.69
487,138.0,1971,2,172933.95
488,224.0,1900,2,156435.23
489,59.0,1970,1,87441.45
490,121.0,1976,1,136936.77
491,147.0,1941,1,141569.23
492,135.0,2006,2,201515.33
493,118.0,1960,1,155623.58
494,82.0,1938,1,101839.83
495,67.0,1920,0,39137.094
496,300.0,1992,2,387347.5
497,169.0,1925,1,166716.12
498,84.0,1967,1,118942.31
499,85.0,1958,1,117237.31
500,113.0,1973,1,116385.7
501,164.0,2005,2,244654.89
502,113.0,1965,2,148797.69
503,167.0,1959,2,216349.1
504,123.0,1974,2,154508.84
505,182.0,1952,2,136945.48
506,178.0,1993,2,212511.47
507,113.0,2009,2,197720.47
508,128.0,1928,2,151305.5
509,97.0,1959,1,133312.3
510,127.0,1951,1,135785.66
511,127.0,2005,2,195430.95
512,80.0,1958,2,121678.63
513,100.0,1983,2,151306.84
514,73.0,1926,1,95838.67
515,188.0,2009,3,399554.56
516,197.0,1972,2,218466.61
517,218.0,1996,3,289510.8
518,167.0,1998,2,197667.34
519,193.0,1926,1,220639.38
520,120.0,1900,0,103055.45
521,116.0,1957,1,129876.555
522,155.0,1947,2,162798.16
523,434.0,2007,3,186627.06
524,223.0,1996,3,314077.6
525,118.0,2005,2,176028.8
526,86.0,1956,1,119042.93
527,252.0,2008,3,580998.6
528,56.0,1920,0,29107.604
529,234.0,1957,2,218291.6
530,140.0,1988,2,196106.97
531,127.0,1920,2,127691.555
532,77.0,1955,1,119042.93
533,31.0,1946,0,44840.71
534,131.0,2004,2,177958.72
535,125.0,1910,0,115663.33
536,160.0,1998,2,199847.94
537,80.0,1972,2,119947.88
538,108.0,1968,1,145536.94
539,149.0,2001,2,253969.33
540,171.0,2006,3,310694.28
541,212.0,2000,3,252944.73
542,156.0,1998,2,200683.28
543,71.0,1998,1,118351.95
544,139.0,2006,2,196349.47
545,203.0,1988,3,226333.42
546,152.0,1923,2,191731.62
547,71.0,1970,2,128992.59
548,77.0,1955,2,113609.555
549,195.0,2003,2,261063.72
550,99.0,1977,2,148797.69
551,86.0,1957,1,117237.31
552,160.0,2006,3,296168.06
553,105.0,1949,2,132995.31
554,190.0,2003,3,298194.1
555,97.0,1922,1,114644.016
556,101.0,1957,1,129876.555
557,124.0,1920,1,105723.29
558,134.0,1996,2,193077.92
559,145.0,2003,2,217033.69
560,129.0,1957,2,146396.22
561,129.0,1974,2,156576.81
562,93.0,1940,0,94067.49
563,156.0,1918,2,178015.7
564,213.0,1992,2,264101.4
565,153.0,1915,1,129562.336
566,233.0,2005,3,312379.5
567,143.0,2004,2,214984.86
568,198.0,1983,2,299246.5
569,88.0,1979,2,140756.66
570,161.0,1965,2,150449.22
571,80.0,1959,1,120673.06
572,157.0,2009,2,250228.31
573,133.0,2000,2,183552.16
574,103.0,1971,1,116385.7
575,113.0,1947,1,116727.81
576,137.0,1928,1,127369.33
577,123.0,1966,2,154508.84
578,129.0,2007,2,262874.2
579,167.0,1954,1,147636.4
580,133.0,1960,2,175962.47
581,190.0,2008,3,375174.06
582,76.0,1990,0,117318.73
583,258.0,1893,2,247540.1
584,146.0,1935,1,161198.36
585,188.0,2005,3,309887.47
586,78.0,1918,1,105979.266
587,80.0,1982,2,132029.69
588,137.0,1968,1,147518.84
589,87.0,1930,1,107005.84
590,147.0,2004,2,224606.05
591,213.0,2008,3,519956.0
592,76.0,1982,2,132029.69
593,79.0,2003,2,140182.61
594,86.0,1975,1,103746.47
595,170.0,2005,3,313906.66
596,127.0,1910,1,113542.75
597,130.0,2006,3,250059.39
598,153.0,1977,2,182353.19
599,145.0,1980,2,182353.19
600,177.0,2005,2,260711.08
601,128.0,1937,1,121538.21
602,178.0,1992,2,212511.47
603,111.0,2004,2,157077.97
604,139.0,2002,2,197555.06
605,185.0,1965,2,208305.2
606,97.0,1996,2,159463.55
607,187.0,1948,1,145182.03
608,297.0,1934,2,345358.4
609,96.0,1961,1,127138.71
610,200.0,2000,3,292001.66
611,96.0,1978,2,148797.69
612,174.0,2001,2,242842.05
613,104.0,2007,0,144668.95
614,59.0,1972,0,82721.266
615,98.0,1963,2,144354.84
616,140.0,2002,2,197555.06
617,77.0,1954,2,113609.555
618,170.0,2007,3,356926.38
619,210.0,2003,3,305795.5
620,80.0,1914,0,56400.324
621,243.0,1974,2,198846.94
622,91.0,1977,2,140756.66
623,140.0,2000,2,192971.39
624,166.0,1972,2,182427.03
625,104.0,1962,2,144354.84
626,132.0,1960,1,162770.36
627,141.0,1955,1,153025.1
628,193.0,1969,2,208282.45
629,125.0,1964,2,160813.73
630,163.0,1880,1,113451.695
631,144.0,2006,2,218467.38
632,131.0,1977,2,156576.81
633,98.0,1954,1,131682.17
634,98.0,1980,2,148797.69
635,315.0,1914,0,199950.47
636,74.0,1936,0,77278.76
637,129.0,1954,1,128348.19
638,74.0,1910,0,43011.535
639,146.0,2006,3,247183.22
640,141.0,2003,2,232604.27
641,179.0,2001,2,233706.6
642,251.0,1972,2,300875.4
643,151.0,1969,2,168186.25
644,164.0,2009,3,344960.66
645,91.0,1971,2,127347.55
646,97.0,1950,2,114098.45
647,102.0,1953,2,133604.12
648,171.0,1966,2,209791.34
649,59.0,1970,0,82721.266
650,155.0,2007,2,247905.11
651,140.0,1940,1,141569.23
652,159.0,1996,2,211827.17
653,136.0,1906,1,122724.13
654,196.0,1995,3,289493.4
655,101.0,1971,1,116385.7
656,98.0,1959,1,133312.3
657,140.0,1931,1,151583.44
658,135.0,1948,1,128887.22
659,138.0,1964,2,171715.16
660,180.0,1976,2,199504.08
661,227.0,1994,3,290603.97
662,129.0,1968,2,156576.81
663,110.0,1972,2,148797.69
664,195.0,2005,3,299947.66
665,180.0,2000,2,228476.16
666,221.0,1965,2,154090.3
667,156.0,1994,2,213768.12
668,134.0,1956,2,159702.27
669,110.0,1922,1,114644.016
670,137.0,2005,2,196179.25
671,127.0,1925,1,110742.266
672,112.0,1977,2,148797.69
673,171.0,1957,2,246092.47
674,106.0,1965,1,131581.55
675,134.0,1978,2,169296.03
676,165.0,1900,3,97169.055
677,74.0,1924,1,111606.12
678,190.0,2008,3,375174.06
679,92.0,1961,2,132985.08
680,86.0,1980,1,124963.09
681,141.0,1932,1,151583.44
682,120.0,1996,2,208635.61
683,155.0,2002,3,280964.75
684,171.0,1998,2,217945.28
685,194.0,1984,2,212874.39
686,164.0,2007,2,233274.38
687,102.0,2004,2,151418.73
688,132.0,2007,2,341953.8
689,127.0,2005,2,195430.95
690,79.0,2004,2,140182.61
691,401.0,1994,3,625461.5
692,234.0,1989,2,289655.1
693,100.0,1921,1,114644.016
694,143.0,1936,2,162505.34
695,106.0,1987,2,164946.47
696,57.0,1921,1,88105.836
697,107.0,1952,1,122662.18
698,83.0,1965,1,118942.31
699,129.0,2004,2,195083.56
700,167.0,2002,3,281564.78
701,108.0,1969,2,148797.69
702,239.0,2006,3,344568.78
703,168.0,1900,2,130151.76
704,138.0,2004,2,192992.16
705,101.0,1930,0,75783.625
706,169.0,1971,2,209791.34
707,123.0,2006,2,182906.36
708,135.0,2007,2,197611.42
709,84.0,1966,1,118942.31
710,68.0,1935,0,56244.05
711,109.0,1900,1,111598.74
712,114.0,1988,2,175012.25
713,89.0,1970,2,127347.55
714,137.0,1976,2,169296.03
715,125.0,1974,2,160813.73
716,237.0,1890,2,156435.23
717,109.0,1973,2,148797.69
718,225.0,1993,3,267558.53
719,90.0,1969,1,118942.31
720,162.0,1985,2,228695.39
721,79.0,2004,2,140182.61
722,80.0,1970,2,119947.88
723,137.0,1954,1,128887.22
724,158.0,2007,3,313445.0
725,80.0,1970,2,119947.88
726,156.0,1988,2,213768.12
727,114.0,2007,2,183719.16
728,165.0,1958,3,121074.766
729,112.0,1925,2,108098.52
730,150.0,1995,2,204191.03
731,106.0,2003,2,164231.47
732,189.0,1998,2,227806.39
733,106.0,1961,1,127138.71
734,88.0,1968,1,118942.31
735,164.0,1914,2,164987.75
736,97.0,1950,2,114098.45
737,167.0,2005,3,260397.64
738,111.0,1987,0,179086.61
739,161.0,2004,2,209904.38
740,133.0,1910,2,141834.47
741,85.0,1961,1,124579.84
742,125.0,2000,2,179635.02
743,136.0,1963,2,163634.39
744,124.0,1993,2,169203.95
745,252.0,1976,2,300875.4
746,210.0,2000,2,256820.58
747,245.0,1880,4,265162.7
748,160.0,1996,2,244313.22
749,142.0,1945,1,141569.23
750,106.0,1910,0,87866.914
751,123.0,2003,2,174650.81
752,139.0,1997,2,197387.39
753,195.0,2005,3,299947.66
754,95.0,1969,2,148797.69
755,137.0,1999,2,183552.16
756,164.0,2007,2,233274.38
757,129.0,1978,2,156576.81
758,139.0,1999,2,192971.39
759,235.0,1995,3,290603.97
760,80.0,1959,1,120673.06
761,121.0,1924,2,112952.45
762,144.0,2009,2,214404.89
763,220.0,1999,3,317712.7
764,139.0,1995,2,188164.53
765,140.0,2008,2,264297.12
766,159.0,1988,2,208668.11
767,163.0,1940,1,167331.72
768,171.0,2004,2,213789.25
769,305.0,2003,3,534208.8
770,80.0,1982,2,132029.69
771,113.0,1951,2,133604.12
772,104.0,1976,2,148797.69
773,85.0,1958,1,117237.31
774,183.0,2006,3,266540.03
775,112.0,1998,2,166249.17
776,150.0,2005,3,226502.6
777,83.0,1974,2,119947.88
778,188.0,1977,2,183078.9
779,93.0,1977,2,148797.69
780,116.0,1995,2,167069.81
781,149.0,1992,2,200020.28
782,133.0,2001,2,202284.73
783,103.0,1978,2,148797.69
784,138.0,1914,0,130628.83
785,125.0,1967,2,160813.73
786,153.0,1915,1,129562.336
787,194.0,2004,2,217474.97
788,84.0,1954,1,119042.93
789,194.0,1966,2,208282.45
790,106.0,2005,2,160341.94
791,99.0,1976,2,148797.69
792,187.0,1996,2,267082.66
793,139.0,2007,2,192445.56
794,176.0,1994,2,212511.47
795,145.0,1980,2,182353.19
796,119.0,1977,2,154508.84
797,72.0,1953,1,118870.266
798,292.0,2008,3,575964.2
799,164.0,1937,1,151522.31
800,157.0,1997,2,206717.4
801,111.0,1916,2,114907.14
802,135.0,2005,2,196179.25
803,262.0,2008,3,580998.6
804,105.0,1954,1,131682.17
805,133.0,2008,2,223156.5
806,91.0,1967,1,118942.31
807,146.0,1923,2,191731.62
808,101.0,1966,2,148797.69
809,199.0,1898,2,115740.29
810,122.0,1974,2,154508.84
811,79.0,2004,2,140182.61
812,97.0,1952,2,133604.12
813,134.0,1958,1,127081.6
814,116.0,1918,1,128289.54
815,154.0,1998,2,211572.17
816,94.0,1954,1,131682.17
817,157.0,2002,3,316910.56
818,98.0,1971,2,148797.69
819,126.0,2009,2,227897.78
820,152.0,2003,2,185153.86
821,87.0,1953,2,112153.984
822,161.0,2003,2,209904.38
823,138.0,1940,1,132525.14
824,138.0,2006,2,226101.95
825,194.0,2007,3,368002.03
826,73.0,1924,0,96294.266
827,133.0,2001,2,202284.73
828,198.0,1967,2,218466.61
829,114.0,2005,2,176028.8
830,129.0,1957,2,146396.22
831,111.0,2005,2,153188.44
832,170.0,2003,2,213789.25
833,141.0,1964,2,166967.45
834,106.0,1961,2,144354.84
835,99.0,1950,2,114098.45
836,145.0,1948,2,161432.44
837,92.0,1973,1,103746.47
838,102.0,1995,1,128555.11
839,111.0,1946,1,124519.945
840,138.0,1925,1,135808.14
841,143.0,1904,2,145581.4
842,108.0,1966,2,148797.69
843,167.0,1961,0,128379.14
844,132.0,1915,3,143488.16
845,158.0,1975,2,163086.23
846,165.0,1993,2,212270.17
847,80.0,1972,1,103746.47
848,219.0,1908,2,222088.05
849,172.0,1976,2,209791.34
850,79.0,2003,2,140182.61
851,135.0,2003,2,192992.16
852,153.0,1941,1,141569.23
853,134.0,1964,2,168077.23
854,165.0,1955,2,165574.31
855,97.0,1962,1,127138.71
856,95.0,1978,2,148797.69
857,138.0,1994,2,174574.55
858,127.0,1976,2,160813.73
859,247.0,1968,2,300875.4
860,132.0,1918,1,162397.88
861,97.0,1965,2,148797.69
862,102.0,1984,2,151306.84
863,107.0,1959,1,133312.3
864,127.0,2007,2,234139.64
865,93.0,1970,2,148797.69
866,153.0,2006,3,255756.72
867,104.0,1961,2,144354.84
868,216.0,1948,2,192326.9
869,181.0,1993,2,225967.95
870,83.0,1962,1,124579.84
871,156.0,1998,2,200683.28
872,85.0,1953,2,121001.305
873,118.0,1949,1,116727.81
874,105.0,1941,1,124519.945
875,242.0,2007,2,305836.84
876,97.0,1963,2,144354.84
877,207.0,2004,3,328691.88
878,107.0,1961,2,144354.84
879,80.0,1978,1,137706.64
880,101.0,2005,2,147529.2
881,160.0,1990,2,232625.03
882,148.0,1992,2,200020.28
883,207.0,1912,1,115069.23
884,83.0,1967,1,118942.31
885,159.0,1999,2,252794.28
886,159.0,1959,2,167270.83
887,129.0,1955,1,128348.19
888,206.0,1970,2,252726.1
889,140.0,1953,2,173961.2
890,86.0,1949,2,110315.195
891,156.0,1978,2,182353.19
892,99.0,1963,1,127138.71
893,128.0,1954,1,135785.66
894,143.0,1979,2,182353.19
895,167.0,1963,2,161026.66
896,88.0,1936,1,118628.56
897,208.0,1979,2,164448.9
898,220.0,2009,3,505281.28
899,115.0,1961,1,141094.1
900,80.0,1971,1,103746.47
901,121.0,1957,1,129876.555
902,140.0,2003,2,189953.47
903,155.0,2006,3,273137.66
904,84.0,1967,1,118942.31
905,99.0,1954,1,131682.17
906,152.0,2006,3,254432.73
907,191.0,1936,1,205445.55
908,84.0,1983,2,132029.69
909,138.0,2005,2,196179.25
910,211.0,1960,2,248307.53
911,118.0,1977,1,136936.77
912,94.0,1925,1,93209.9
913,186.0,1949,3,141215.03
914,114.0,2009,2,176973.89
915,101.0,1970,1,116385.7
916,45.0,1949,1,80820.164
917,114.0,1956,1,131682.17
918,198.0,1991,3,286312.34
919,131.0,1958,2,156106.16
920,160.0,1994,2,232625.03
921,204.0,1900,0,132977.28
922,122.0,2005,2,176028.8
923,150.0,1993,2,200020.28
924,157.0,1980,2,177253.17
925,105.0,1977,2,148797.69
926,221.0,2003,3,304244.72
927,184.0,1968,2,176669.08
928,166.0,2001,2,225242.22
929,208.0,1997,2,227275.97
930,136.0,2007,3,245933.83
931,86.0,1965,1,118942.31
932,177.0,2006,3,317517.16
933,139.0,2004,2,189953.47
934,192.0,1960,2,228419.34
935,69.0,1926,2,75310.26
936,111.0,2003,2,157077.97
937,183.0,2005,2,253759.88
938,182.0,2006,3,259911.34
939,223.0,1940,1,228579.19
940,161.0,1976,2,150449.22
941,191.0,1999,2,227697.38
942,134.0,1977,0,147864.56
943,152.0,1967,2,168186.25
944,125.0,1958,2,160343.08
945,174.0,1890,2,130151.76
946,106.0,1959,1,133312.3
947,151.0,2002,3,272361.16
948,165.0,2002,2,211093.31
949,128.0,1972,2,160813.73
950,80.0,1950,2,96406.45
951,90.0,1965,1,118942.31
952,71.0,1972,1,103746.47
953,183.0,1969,2,180683.52
954,91.0,1975,0,117431.86
955,182.0,1946,2,145200.14
956,114.0,1980,2,148797.69
957,98.0,1962,2,144354.84
958,124.0,2003,2,194052.97
959,132.0,1999,2,183552.16
960,80.0,1958,0,100688.2
961,267.0,1977,2,278611.2
962,144.0,1976,2,168186.25
963,167.0,2007,2,233274.38
964,176.0,2002,2,219701.12
965,138.0,2005,2,196179.25
966,122.0,1940,1,116727.81
967,102.0,1955,1,131682.17
968,90.0,1910,0,59800.266
969,102.0,1958,1,129876.555
970,111.0,1949,0,117634.64
971,151.0,2003,2,175757.33
972,85.0,1979,1,124963.09
973,133.0,2007,2,197611.42
974,188.0,1910,2,157608.48
975,128.0,2000,2,179635.02
976,81.0,1923,0,84174.57
977,115.0,2006,2,183544.44
978,83.0,1954,2,121173.97
979,104.0,1963,2,144354.84
980,93.0,1961,2,154435.23
981,243.0,1998,3,342823.3
982,118.0,2007,2,176113.47
983,213.0,2002,2,262870.1
984,161.0,1977,2,164616.16
985,108.0,1950,1,124519.945
986,152.0,1910,1,119718.81
987,180.0,2009,3,402779.75
988,189.0,1976,2,261486.7
989,146.0,2006,2,260177.39
990,222.0,1997,3,340098.7
991,162.0,1882,2,162046.95
992,172.0,1964,2,207602.84
993,139.0,2005,2,194205.55
994,160.0,2006,3,296168.06
995,114.0,1946,1,116727.81
996,98.0,1961,1,127138.71
997,134.0,1970,2,169296.03
998,100.0,1922,1,114644.016
999,112.0,2006,2,194671.39
1000,88.0,1952,2,112153.984
1001,64.0,1920,1,84571.555
1002,146.0,2006,3,247183.22
1003,156.0,1976,2,168186.25
1004,140.0,2005,2,204254.95
1005,92.0,1977,1,137706.64
1006,154.0,1970,2,168186.25
1007,101.0,1970,1,116385.7
1008,159.0,2004,2,186637.12
1009,141.0,1926,0,138238.84
1010,118.0,1948,1,116727.81
1011,155.0,1965,0,115656.664
1012,140.0,1923,1,152864.61
1013,95.0,1910,1,91164.53
1014,101.0,1948,1,111967.414
1015,155.0,2001,2,227422.84
1016,140.0,1996,2,202497.16
1017,126.0,1984,2,168197.22
1018,137.0,1991,2,186687.73
1019,140.0,2005,2,204254.95
1020,105.0,2005,2,160341.94
1021,113.0,2006,2,194671.39
1022,116.0,1930,1,111518.35
1023,140.0,2005,2,204254.95
1024,269.0,1976,2,300875.4
1025,82.0,1972,2,119947.88
1026,117.0,1960,2,164595.48
1027,153.0,2007,3,251852.81
1028,128.0,1941,1,121538.21
1029,113.0,1972,1,116385.7
1030,179.0,1916,0,164277.53
1031,286.0,1920,2,203360.6
1032,234.0,1993,3,267558.53
1033,154.0,2002,3,275315.88
1034,89.0,1938,1,118628.56
1035,79.0,1957,1,117237.31
1036,151.0,2007,3,271017.34
1037,210.0,2001,2,286989.12
1038,125.0,1970,0,99473.445
1039,59.0,1970,1,87441.45
1040,168.0,1957,2,246092.47
1041,152.0,1966,2,168186.25
1042,121.0,2005,2,176028.8
1043,216.0,1990,2,260920.36
1044,234.0,1981,2,264568.0
1045,161.0,1955,2,149335.23
1046,266.0,2005,3,431928.2
1047,92.0,1994,2,148297.27
1048,165.0,1960,2,185744.72
1049,86.0,1946,1,101839.83
1050,121.0,2007,2,176113.47
1051,122.0,2007,2,208032.5
1052,184.0,1964,2,174480.58
1053,142.0,1957,1,157950.67
1054,185.0,2002,2,264120.4
1055,141.0,1976,2,168186.25
1056,127.0,2005,2,195430.95
1057,172.0,1994,2,221503.47
1058,203.0,2008,3,388306.88
1059,185.0,1932,2,206338.81
1060,124.0,2001,2,217415.7
1061,83.0,1935,3,140066.12
1062,217.0,1900,2,109190.695
1063,102.0,1925,2,118384.59
1064,107.0,1966,2,148797.69
1065,210.0,1996,2,305402.1
1066,146.0,1993,2,200020.28
1067,150.0,1964,2,166967.45
1068,234.0,1973,2,189346.16
1069,83.0,1949,2,110315.195
1070,97.0,1956,1,131682.17
1071,145.0,1968,2,168186.25
1072,135.0,1948,1,128887.22
1073,132.0,1977,2,169296.03
1074,115.0,2006,3,194242.02
1075,162.0,1940,1,187800.19
1076,136.0,1936,2,166046.6
1077,102.0,1969,1,131581.55
1078,79.0,2004,2,140182.61
1079,92.0,1994,1,120547.9
1080,117.0,1971,2,154508.84
1081,97.0,1963,1,127138.71
1082,136.0,2002,2,188135.83
1083,116.0,1964,1,145536.94
1084,139.0,1995,2,188164.53
1085,93.0,1992,2,148297.27
1086,101.0,1973,1,116385.7
1087,181.0,2005,3,274345.22
1088,159.0,2004,2,186637.12
1089,116.0,2005,2,176028.8
1090,97.0,1950,2,114098.45
1091,116.0,1999,2,166249.17
1092,157.0,1925,2,174536.03
1093,111.0,1965,2,148797.69
1094,87.0,1956,1,119042.93
1095,122.0,2006,2,182906.36
1096,126.0,1914,0,122491.664
1097,101.0,1986,2,152133.73
1098,123.0,1936,1,116727.81
1099,149.0,1978,2,182353.19
1100,41.0,1920,1,65087.047
1101,88.0,1971,1,103746.47
1102,105.0,1960,1,141668.19
1103,111.0,1959,2,150528.44
1104,121.0,1970,2,154508.84
1105,244.0,1994,2,288405.97
1106,134.0,1990,2,186687.73
1107,188.0,2006,2,269110.78
1108,157.0,2000,2,252794.28
1109,171.0,2004,3,307235.16
1110,154.0,1995,2,217938.88
1111,182.0,1976,2,196869.92
1112,76.0,1957,1,117237.31
1113,94.0,1953,1,122662.18
1114,77.0,1954,1,119042.93
1115,161.0,2007,3,325161.44
1116,132.0,2002,2,188135.83
1117,83.0,1967,2,119947.88
1118,149.0,1958,1,157950.67
1119,97.0,1959,1,133312.3
1120,94.0,1920,1,98257.74
1121,144.0,2005,3,215056.97
1122,89.0,1956,1,119042.93
1123,65.0,1947,0,104356.77
1124,138.0,1992,2,174574.55
1125,93.0,1955,2,142624.12
1126,144.0,2007,3,193893.73
1127,142.0,2004,3,253265.06
1128,182.0,2004,2,207032.27
1129,87.0,1980,2,140756.66
1130,184.0,1928,2,151421.97
1131,90.0,1991,0,126425.766
1132,205.0,1880,1,95767.414
1133,188.0,1995,2,262194.03
1134,149.0,1997,2,219725.28
1135,92.0,1926,1,107005.84
1136,116.0,1950,1,116727.81
1137,95.0,1875,0,90836.35
1138,146.0,1977,2,182353.19
1139,108.0,1920,2,125747.55
1140,88.0,1951,2,112153.984
1141,174.0,1976,2,209791.34
1142,263.0,2006,3,436593.28
1143,93.0,1959,0,91712.96
1144,86.0,1941,1,101839.83
1145,146.0,1928,1,138974.66
1146,121.0,1985,2,161892.33
1147,145.0,1941,1,141569.23
1148,103.0,1926,1,117044.02
1149,138.0,1920,2,154052.3
1150,87.0,1950,1,118628.56
1151,136.0,1959,2,167606.58
1152,168.0,1956,2,195317.67
1153,76.0,1930,1,109274.47
1154,169.0,1965,2,224560.38
1155,134.0,1976,2,169296.03
1156,118.0,1965,2,154508.84
1157,122.0,2007,2,208032.5
1158,147.0,2007,3,235239.1
1159,174.0,1974,2,209791.34
1160,135.0,1978,2,169296.03
1161,152.0,1954,2,173961.2
1162,83.0,1968,2,119947.88
1163,117.0,1969,2,154508.84
1164,133.0,1978,2,169296.03
1165,140.0,2009,2,204818.17
1166,157.0,2008,3,331206.12
1167,155.0,2000,2,200683.28
1168,196.0,1935,2,231269.25
1169,337.0,1995,3,625461.5
1170,104.0,1977,1,136936.77
1171,117.0,1958,2,156239.6
1172,116.0,2006,2,183544.44
1173,287.0,1946,0,264320.44
1174,218.0,1932,2,206020.94
1175,267.0,1992,2,288405.97
1176,86.0,1984,1,123635.78
1177,114.0,1926,1,111518.35
1178,125.0,1921,1,109635.53
1179,104.0,1954,0,93518.58
1180,234.0,1990,2,289655.1
1181,153.0,2008,2,367832.94
1182,416.0,1996,3,729368.0
1183,105.0,1920,2,118442.14
1184,146.0,1963,3,181904.86
1185,113.0,1924,1,104477.086
1186,158.0,1900,2,100499.83
1187,151.0,1994,3,265569.44
1188,154.0,2002,2,207625.02
1189,168.0,1999,2,217945.28
1190,151.0,1961,4,159959.86
1191,134.0,1999,2,183552.16
1192,137.0,1925,1,127369.33
1193,114.0,1999,2,166249.17
1194,126.0,1969,1,151841.83
1195,135.0,2005,2,196179.25
1196,173.0,2006,3,310694.28
1197,157.0,1916,1,141771.19
1198,113.0,2001,2,189725.47
1199,128.0,1963,2,156370.89
1200,80.0,1970,1,103746.47
1201,165.0,1998,2,197667.34
1202,125.0,1925,1,110742.266
1203,151.0,2000,2,206010.5
1204,100.0,1975,2,148797.69
1205,204.0,1990,3,267894.38
1206,98.0,1966,1,131581.55
1207,158.0,2003,2,199552.53
1208,119.0,1962,2,150066.0
1209,154.0,2006,2,251809.02
1210,171.0,1992,2,221503.47
1211,163.0,1988,2,208226.92
1212,62.0,1941,1,100304.67
1213,89.0,1965,1,118942.31
1214,93.0,1962,1,137219.1
1215,83.0,1966,1,118942.31
1216,177.0,1978,2,187701.53
1217,122.0,2009,2,216266.67
1218,85.0,1947,0,88256.96
1219,113.0,1971,0,89982.21
1220,85.0,1964,1,118942.31
1221,113.0,1968,1,145536.94
1222,171.0,1949,1,143362.3
1223,198.0,1951,2,174368.22
1224,138.0,2004,2,192992.16
1225,106.0,1958,1,129876.555
1226,180.0,2007,3,361390.88
1227,85.0,1965,2,127347.55
1228,158.0,2008,3,339471.56
1229,140.0,1960,1,166306.56
1230,243.0,1977,2,198846.94
1231,111.0,1962,2,144354.84
1232,114.0,1962,2,144354.84
1233,110.0,1959,2,150528.44
1234,182.0,1911,0,152998.16
1235,166.0,1914,1,146318.28
1236,151.0,2003,2,175757.33
1237,181.0,2004,2,218253.73
1238,106.0,2005,2,160341.94
1239,138.0,2006,2,226101.95
1240,164.0,2003,2,204555.95
1241,157.0,2007,3,305179.56
1242,109.0,1974,2,148797.69
1243,193.0,2006,3,340767.22
1244,141.0,1929,2,190528.47
1245,174.0,1984,2,212369.73
1246,144.0,2005,2,201069.27
1247,96.0,1976,3,169790.39
1248,191.0,1917,2,144909.36
1249,92.0,1950,1,118628.56
1250,196.0,1968,2,218466.61
1251,131.0,2003,2,172691.2
1252,81.0,1968,1,118942.31
1253,201.0,1974,2,256337.28
1254,154.0,2003,2,199552.53
1255,127.0,1931,1,116328.75
1256,185.0,1994,2,265351.75
1257,80.0,1922,0,86554.41
1258,108.0,2005,2,166888.4
1259,98.0,1969,2,148797.69
1260,156.0,1999,2,200683.28
1261,98.0,1956,1,131682.17
1262,166.0,1957,1,159450.92
1263,169.0,1919,2,183383.39
1264,124.0,1998,2,179635.02
1265,135.0,1999,2,183552.16
1266,175.0,1910,1,133654.36
1267,187.0,2008,3,389467.62
1268,320.0,1935,3,381625.5
1269,142.0,1958,1,157950.67
1270,142.0,1979,2,182353.19
1271,138.0,1968,2,172933.95
1272,87.0,1965,1,118942.31
1273,126.0,1959,1,151371.17
1274,116.0,1910,2,116947.48
1275,178.0,1948,2,136031.75
1276,130.0,1972,2,156576.81
1277,160.0,1967,2,187043.16
1278,189.0,2002,2,232652.06
1279,105.0,1920,2,118442.14
1280,146.0,2002,2,219892.95
1281,124.0,1990,2,181317.14
1282,97.0,1977,2,148797.69
1283,169.0,1971,0,138431.67
1284,227.0,1919,1,180844.39
1285,131.0,1939,1,114100.75
1286,123.0,1963,2,150066.0
1287,147.0,1964,2,166967.45
1288,154.0,2000,2,211572.17
1289,183.0,2006,3,266540.03
1290,107.0,1964,2,148797.69
1291,121.0,1972,1,116385.7
1292,220.0,1892,1,102179.51
1293,155.0,1976,2,168186.25
1294,80.0,1955,2,113609.555
1295,98.0,1968,1,131581.55
1296,105.0,1963,2,144354.84
1297,100.0,2005,2,147529.2
1298,524.0,2008,2,163090.36
1299,116.0,1959,1,147267.69
1300,184.0,1999,2,236819.36
1301,139.0,1942,1,148300.44
1302,235.0,1994,3,290603.97
1303,150.0,2005,3,226502.6
1304,159.0,2004,2,186637.12
1305,153.0,2006,2,309934.72
1306,127.0,2005,2,195430.95
1307,92.0,1994,2,148297.27
1308,104.0,1948,2,132995.31
1309,120.0,1991,2,175012.25
1310,177.0,1959,2,192012.38
1311,118.0,2005,2,176028.8
1312,261.0,1990,2,285224.9
1313,241.0,1999,3,342823.3
1314,88.0,1954,1,119042.93
1315,196.0,1969,2,218466.61
1316,151.0,2008,3,297043.9
1317,126.0,2006,2,202308.52
1318,166.0,2001,3,298015.94
1319,88.0,1954,1,119042.93
1320,137.0,1957,2,157896.64
1321,67.0,1949,1,86744.79
1322,179.0,1992,2,248032.73
1323,66.0,1940,0,93378.57
1324,167.0,2006,3,189183.05
1325,74.0,1922,0,70839.41
1326,72.0,1931,0,83773.336
1327,76.0,1982,1,123635.78
1328,259.0,1920,2,250658.67
1329,152.0,1998,2,195043.84
1330,148.0,2006,3,228646.52
1331,89.0,1976,2,140756.66
1332,76.0,1938,1,101839.83
1333,126.0,1938,1,121538.21
1334,127.0,1970,2,160813.73
1335,124.0,1977,2,160813.73
1336,154.0,1973,2,168186.25
1337,64.0,1941,0,64325.223
1338,173.0,2002,2,228693.12
1339,80.0,1972,1,103746.47
1340,81.0,1971,4,169790.39
1341,103.0,2003,2,151418.73
1342,202.0,2002,2,269787.28
1343,178.0,1928,2,173779.47
1344,135.0,2006,2,201515.33
1345,89.0,1920,1,98257.74
1346,200.0,1968,2,234720.23
1347,165.0,2006,3,287004.9
1348,139.0,1998,2,192971.39
1349,219.0,1872,0,128551.83
1350,245.0,1969,4,232317.31
1351,159.0,1962,2,157424.6
1352,109.0,1937,2,132995.31
1353,301.0,1995,3,444483.75
1354,173.0,2000,3,238779.36
1355,178.0,1968,2,187701.53
1356,83.0,1966,1,118942.31
1357,100.0,1971,2,148797.69
1358,146.0,2000,2,215309.28
1359,184.0,2004,3,306373.66
1360,242.0,1921,2,189479.97
1361,142.0,2005,2,215059.27
1362,161.0,1920,1,121452.125
1363,131.0,2006,2,173425.88
1364,111.0,2005,2,153188.44
1365,156.0,2000,2,200683.28
1366,166.0,1999,2,197667.34
1367,137.0,1977,1,138918.67
1368,79.0,2003,2,140182.61
1369,155.0,2003,2,199552.53
1370,128.0,1920,1,105723.29
1371,154.0,1955,1,161609.23
1372,195.0,1998,2,271286.12
1373,245.0,2001,3,422739.22
1374,182.0,2005,3,263123.72
1375,146.0,2007,3,224572.56
1376,73.0,1930,1,95838.67
1377,149.0,1941,2,162505.34
1378,92.0,1973,1,103746.47
1379,130.0,2006,2,173425.88
1380,80.0,1914,1,76627.945
1381,197.0,1970,2,218466.61
1382,164.0,1920,2,163849.45
1383,132.0,1918,2,145671.36
1384,117.0,1939,1,116727.81
1385,107.0,1922,1,114644.016
1386,259.0,1978,2,278611.2
1387,235.0,1916,1,138930.73
1388,162.0,2006,3,366455.25
1389,113.0,1941,2,125203.18
1390,142.0,2000,2,208997.89
1391,147.0,1967,3,148989.03
1392,84.0,1967,1,118942.31
1393,178.0,1905,2,160142.31
1394,139.0,2006,3,260804.95
1395,231.0,2005,3,312379.5
1396,157.0,1948,2,151182.2
1397,141.0,1920,1,138387.78
1398,177.0,1950,1,125795.31
1399,149.0,1925,1,153472.8
1400,108.0,1929,1,119310.484
1401,148.0,2004,2,206069.34
1402,120.0,2006,2,183544.44
1403,136.0,2007,3,245933.83
1404,113.0,1915,3,110429.32
1405,153.0,2004,2,215059.08
1406,71.0,1972,2,128992.59
1407,77.0,1985,0,120406.61
1408,127.0,1910,2,118891.484
1409,194.0,1986,2,212874.39
1410,171.0,2001,2,242842.05
1411,155.0,1950,1,141862.05
1412,97.0,1949,2,120442.78
1413,171.0,2005,2,253888.19
1414,172.0,1923,2,194393.1
1415,146.0,2007,3,224572.56
1416,213.0,1885,2,119522.49
1417,228.0,1998,3,333322.53
1418,106.0,1963,1,127138.71
1419,171.0,1969,2,209791.34
1420,132.0,1968,2,169296.03
1421,99.0,1977,2,148797.69
1422,79.0,2003,2,140182.61
1423,204.0,1966,2,249676.78
1424,125.0,1958,1,133980.03
1425,116.0,1959,2,156239.6
1426,198.0,1994,2,278962.06
1427,145.0,1945,1,141569.23
1428,75.0,1940,1,101839.83
1429,134.0,1981,2,186687.73
1430,171.0,2005,2,253888.19
1431,89.0,1976,2,140756.66
1432,90.0,1927,1,107005.84
1433,166.0,2000,2,197667.34
1434,105.0,1977,2,148797.69
1435,143.0,1962,2,162524.61
1436,80.0,1971,2,119947.88
1437,179.0,2008,3,394461.06
1438,115.0,1957,2,140818.5
1439,160.0,1979,2,201210.1
1440,237.0,1922,2,188913.73
1441,79.0,2004,2,140182.61
1442,186.0,2008,3,415306.72
1443,88.0,1916,1,109103.805
1444,132.0,2004,2,183024.55
1445,85.0,1966,1,118942.31
1446,110.0,1962,1,141094.1
1447,194.0,1995,2,225189.17
1448,125.0,1910,1,113542.75
1449,59.0,1970,0,82721.266
1450,166.0,1974,0,130787.336
1451,147.0,2008,3,279992.56
1452,100.0,2005,2,147529.2
1453,106.0,2006,0,101764.555
1454,113.0,2004,2,183625.25
1455,153.0,1999,2,211572.17
1456,193.0,1978,2,208282.45
1457,217.0,1941,1,246809.72
1458,100.0,1950,1,111967.414
1459,117.0,1965,1,145536.94
